<?xml version="1.0"?>
<activity interactiveSpacesVersion="[1.0.0, 2.0.0)">
  <name>Comm Mavlink Packet</name>
  <description>
Auto-generated activity for Comm Mavlink Packet
  </description>

  <identifyingName>comm.mavlink.packet</identifyingName>
  <version>1.0.0</version>

  <configuration>
    <property name="space.activity.log.level" required="false">
      <value>info</value>
    </property>
    <property name="space.hardware.serial.port" required="true">
    </property>
  </configuration>
</activity>
